1,N,0,1,D,MarioRaceway,150,Agg,Hard,3,Y,2,Bullet,Baby Mario,A,4,Bullet,Baby Mario,M,12,Bullet,Baby Mario,M,1,Bullet,Baby Mario,A
1,Y,1,1,D,WaluigiStadium,150,Agg,Hard,3,Y,12,Bullet,Baby Mario,A,8,Bullet,Baby Mario,M,1,Bullet,Baby Mario,M,5,Bullet,Baby Mario,A
1,N,0,1,D,DKMountain,150,Agg,Hard,3,Y,3,Bullet,Baby Mario,A,4,Bullet,Baby Mario,M,1,Bullet,Baby Mario,M,2,Bullet,Baby Mario,A
1F,1,1,1,D,MarioRacewayWaluigi StadiumDK Mountain,150,Agg,Hard,3,Y,3*,Bullet,Baby Mario,A,5*,Bullet,Baby Mario,M,2*,Bullet,Baby Mario,M,1*,Bullet,Baby Mario,A
2,Y,1,2,D,MoonviewHighway,150,Agg,Hard,3,Y,2,Bullet,Baby Mario,A,1,Bullet,Baby Mario,M,3,Bullet,Baby Mario,M,5,Bullet,Toad,A
2,N,0,2,D,ShyGuyBeach,150,Agg,Hard,3,Y,1,Bullet,Baby Mario,A,4,Bullet,Baby Mario,M,5,Bullet,Baby Mario,M,3,Bullet,Toad,A
2,N,0,2,D,MarioCircuit,150,Agg,Hard,3,Y,6,Bullet,Baby Mario,A,1,Bullet,Baby Mario,M,2,Bullet,Baby Mario,M,4,Bullet,Toad,A
2F,1,1,2,D,MoonviewHighwayShy Guy BeachMario Circuit,150,Agg,Hard,3,Y,2*,Bullet,Baby Mario,A,1*,Bullet,Baby Mario,M,4*,Bullet,Baby Mario,M,3*,Bullet,Toad,A
3,N,0,3,D,MarioCircuit,150,Agg,Hard,3,Y,7,Bullet,Baby Mario,A,6,Bullet,Toad,M,4,Bullet,Baby Mario,M,5,Bullet,Toad,A
3,Y,1,3,D,CoconutMall,150,Agg,Hard,3,Y,7,Bullet,Baby Mario,A,2,Bullet,Toad,M,4,Bullet,Baby Mario,M,1,Bullet,Toad,A
3,N,0,3,D,ToadsFactory,150,Agg,Hard,3,Y,1,Bullet,Baby Mario,A,4,Bullet,Toad,M,12,Bullet,Baby Mario,M,2,Bullet,Toad,A
3F,1,1,3,D,MarioCircuitCoconut MallToad's Factory,150,Agg,Hard,3,Y,4*,Bullet,Baby Mario,A,2*,Bullet,Toad,M,6*,Bullet,Baby Mario,M,1*,Bullet,Toad,A
4,N,0,1,D,BowserCastle3,150,Agg,Hard,3,Y,1,Bullet,Baby Mario,A,10,Bullet,Toad,M,2,Bullet,Baby Mario,M,3,Mach,Mario,A
4,N,0,1,D,LuigiCircuit,150,Agg,Hard,3,Y,1,Bullet,Baby Mario,A,7,Bullet,Toad,M,6,Bullet,Baby Mario,M,4,Mach,Mario,A
4,Y,1,1,D,PeachGardens,150,Agg,Hard,3,Y,4,Bullet,Baby Mario,A,2,Bullet,Toad,M,1,Bullet,Baby Mario,M,3,Mach,Mario,A
4F,1,1,1,D,BowserCastle 3Luigi CircuitPeach Gardens,150,Agg,Hard,3,Y,1*,Bullet,Baby Mario,A,5*,Bullet,Toad,M,2*,Bullet,Baby Mario,M,3*,Mach,Mario,A
5,N,0,2,D,DKSummit,150,Agg,Hard,3,Y,3,Bullet,Toad,A,2,Bullet,Toad,M,4,Bullet,Baby Mario,M,1,Mach,Mario,A
5,Y,1,2,D,DaisyCircuit,150,Agg,Hard,3,Y,2,Bullet,Toad,A,1,Bullet,Toad,M,3,Bullet,Baby Mario,M,5,Mach,Mario,A
5,N,0,2,D,MushroomGorge,150,Agg,Hard,3,Y,3,Bullet,Toad,A,4,Bullet,Toad,M,2,Bullet,Baby Mario,M,1,Mach,Mario,A
5F,1,1,2,D,DKSummitDaisy CircuitMushroom Gorge,150,Agg,Hard,3,Y,3*,Bullet,Toad,A,2*,Bullet,Toad,M,4*,Bullet,Baby Mario,M,1*,Mach,Mario,A
6,N,0,3,D,DKMountain,150,Agg,Hard,3,Y,8,Bullet,Toad,A,1,Bullet,Toad,M,2,Bullet,Baby Mario,M,5,Mach,Yoshi,A
6,Y,1,3,D,MooMooMeadows,150,Agg,Hard,3,Y,1,Bullet,Toad,A,5,Bullet,Toad,M,2,Bullet,Baby Mario,M,7,Mach,Yoshi,A
6,N,0,3,D,CoconutMall,150,Agg,Hard,3,Y,4,Bullet,Toad,A,1,Bullet,Toad,M,3,Bullet,Baby Mario,M,6,Mach,Yoshi,A
6F,1,1,3,D,DKMountainMoo Moo MeadowsCoconut Mall,150,Agg,Hard,3,Y,3*,Bullet,Toad,A,1*,Bullet,Toad,M,2*,Bullet,Baby Mario,M,6*,Mach,Yoshi,A
7,N,0,1,H,BowserCastle3,150,Agg,Hard,3,Y,1,Bullet,Toad,A,3,Mach,Mario,M,2,Bullet,Baby Mario,M,5,Mach,Yoshi,A
7,Y,1,1,H,MarioRaceway,150,Agg,Hard,3,Y,4,Bullet,Toad,A,8,Mach,Mario,M,2,Bullet,Baby Mario,M,3,Mach,Yoshi,A
7,N,0,1,H,SherbetLand,150,Agg,Hard,3,Y,2,Bullet,Toad,A,5,Mach,Mario,M,1,Bullet,Baby Mario,M,7,Mach,Yoshi,A
7F,1,1,1,H,BowserCastle 3Mario RacewaySherbet Land,150,Agg,Hard,3,Y,2*,Bullet,Toad,A,5*,Mach,Mario,M,1*,Bullet,Baby Mario,M,4*,Mach,Yoshi,A
8,N,0,2,H,MarioRaceway,150,Agg,Hard,3,Y,2,Bullet,Toad,A,3,Mach,Mario,M,1,Bullet,Toad,M,4,Mach,Yoshi,A
8,N,0,2,H,PeachBeach,150,Agg,Hard,3,Y,4,Bullet,Toad,A,1,Mach,Mario,M,3,Bullet,Toad,M,5,Mach,Yoshi,A
8,Y,1,2,H,MoonviewHighway,150,Agg,Hard,3,Y,1,Bullet,Toad,A,4,Mach,Mario,M,2,Bullet,Toad,M,8,Mach,Yoshi,A
8F,1,1,2,H,MarioRacewayPeach BeachMoonview Highway,150,Agg,Hard,3,Y,2*,Bullet,Toad,A,3*,Mach,Mario,M,1*,Bullet,Toad,M,5*,Mach,Yoshi,A
9,N,0,1,H,DesertHills,150,Agg,Hard,3,Y,1,Bullet,Toad,A,4,Mach,Mario,M,3,Bullet,Mario,M,2,Mach,Yoshi,A
9,N,0,1,H,WaluigiStadium,150,Agg,Hard,3,Y,7,Bullet,Toad,A,1,Mach,Mario,M,2,Bullet,Mario,M,9,Mach,Yoshi,A
9,Y,1,1,H,JungleParkway,150,Agg,Hard,3,Y,10,Bullet,Toad,A,4,Mach,Mario,M,1,Bullet,Mario,M,3,Mach,Yoshi,A
9F,1,1,1,H,DesertHillsWaluigi StadiumJungle Parkway,150,Agg,Hard,3,Y,4*,Bullet,Toad,A,2*,Mach,Mario,M,1*,Bullet,Mario,M,3*,Mach,Yoshi,A
10,N,0,2,H,WaluigiStadium,150,Agg,Hard,3,Y,1,Bullet,Toad,A,3,Mach,Mario,M,2,Bullet,Yoshi,M,5,Mach,Yoshi,A
10,N,0,2,H,MarioCircuit 3,150,Agg,Hard,3,Y,5,Bullet,Toad,A,3,Mach,Mario,M,12,Bullet,Yoshi,M,1,Mach,Yoshi,A
10,Y,1,2,H,YoshiFalls,150,Agg,Hard,3,Y,3,Bullet,Toad,A,1,Mach,Mario,M,11,Bullet,Yoshi,M,2,Mach,Yoshi,A
10F,1,1,2,H,WaluigiStadiumMario Circuit 3Yoshi Falls,150,Agg,Hard,3,Y,3*,Bullet,Toad,A,1*,Mach,Mario,M,7*,Bullet,Yoshi,M,2*,Mach,Yoshi,A
11,N,0,3,H,SherbetLand,150,Agg,Hard,3,Y,2,Bullet,Toad,A,3,Mach,Yoshi,M,5,Bullet,Mario,M,1,Mach,Yoshi,A
11,N,0,3,H,YoshiFalls,150,Agg,Hard,3,Y,2,Bullet,Toad,A,1,Mach,Yoshi,M,5,Bullet,Mario,M,11,Mach,Yoshi,A
11,Y,1,3,H,MushroomGorge,150,Agg,Hard,3,Y,1,Bullet,Toad,A,4,Mach,Yoshi,M,2,Bullet,Mario,M,6,Mach,Yoshi,A
11F,1,1,3,H,SherbetLandYoshi FallsMushroom Gorge,150,Agg,Hard,3,Y,1*,Bullet,Toad,A,2*,Mach,Yoshi,M,3*,Bullet,Mario,M,4*,Mach,Yoshi,A
12,Y,1,4,H,MoonviewHighway,150,Agg,Hard,3,Y,2,Mach,Mario,A,1,Mach,Yoshi,M,3,Bullet,Mario,M,4,Mach,Yoshi,A
12,N,0,4,H,YoshiFalls,150,Agg,Hard,3,Y,4,Mach,Mario,A,3,Mach,Yoshi,M,1,Bullet,Mario,M,2,Mach,Yoshi,A
12,N,0,4,H,RainbowRoad,150,Agg,Hard,3,Y,3,Mach,Mario,A,5,Mach,Yoshi,M,12,Bullet,Mario,M,2,Mach,Yoshi,A
12F,1,1,4,H,MoonviewHighwayYoshi FallsRainbow Road,150,Agg,Hard,3,Y,3*,Mach,Mario,A,5*,Mach,Yoshi,M,4*,Bullet,Mario,M,1*,Mach,Yoshi,A
13,N,0,1,H,DKMountain,Mirror,Agg,Hard,3,Y,9,Mach,Mario,A,12,Mach,Yoshi,M,4,Bullet,Mario,M,8,Flame,Wario,A
13,N,0,1,H,MarioCircuit3,Mirror,Agg,Hard,3,Y,2,Mach,Mario,A,1,Mach,Yoshi,M,10,Bullet,Mario,M,5,Flame,Wario,A
13,Y,1,1,H,BowserCastle3,Mirror,Agg,Hard,3,Y,1,Mach,Mario,A,4,Mach,Yoshi,M,12,Bullet,Mario,M,8,Flame,Wario,A
13F,1,1,1,H,DKMountainMario Circuit 3Bowser Castle 3,Mirror,Agg,Hard,3,Y,2*,Mach,Mario,A,4*,Mach,Yoshi,M,10*,Bullet,Mario,M,6*,Flame,Wario,A
14,N,0,2,H,ShyGuyBeach,150,Agg,Hard,3,Y,2,Bullet,Toad,A,5,Mach,Mario,M,4,Bullet,Baby Mario,M,1,Mach,Yoshi,A
14,N,0,2,H,GhostValley,150,Agg,Hard,3,Y,8,Bullet,Toad,A,10,Mach,Mario,M,4,Bullet,Baby Mario,M,7,Mach,Yoshi,A
14,Y,1,2,H,DKSummit,150,Agg,Hard,3,Y,1,Bullet,Toad,A,2,Mach,Mario,M,5,Bullet,Baby Mario,M,3,Mach,Yoshi,A
14F,1,1,2,H,ShyGuyBeachGhost ValleyDK Summit,150,Agg,Hard,3,Y,1*,Bullet,Toad,A,5*,Mach,Mario,M,4*,Bullet,Baby Mario,M,2*,Mach,Yoshi,A
15,N,0,3,H,YoshiFalls,150,Agg,Hard,3,Y,3,Mach,Mario,A,11,Bullet,Toad,M,9,Bullet,Baby Mario,M,4,Mach,Yoshi,A
15,Y,1,3,H,N64BowsersCastle,150,Agg,Hard,3,Y,3,Mach,Mario,A,5,Bullet,Toad,M,4,Bullet,Baby Mario,M,7,Mach,Yoshi,A
15,N,0,3,H,MarioCircuit3,150,Agg,Hard,3,Y,3,Mach,Mario,A,1,Bullet,Toad,M,8,Bullet,Baby Mario,M,6,Mach,Yoshi,A
15F,1,1,3,H,YoshiFallsN64 Bowser's CastleMario Circuit 3,150,Agg,Hard,3,Y,2*,Mach,Mario,A,5*,Bullet,Toad,M,8*,Bullet,Baby Mario,M,6*,Mach,Yoshi,A
16,N,0,4,H,N64BowsersCastle,150,Agg,Hard,3,Y,2,Bullet,Toad,A,4,Bullet,Toad,M,9,Bullet,Baby Mario,M,1,Mach,Mario,A
16,Y,1,4,H,WaluigiStadium,150,Agg,Hard,3,Y,2,Bullet,Toad,A,1,Bullet,Toad,M,3,Bullet,Baby Mario,M,4,Mach,Mario,A
16,N,0,4,H,ToadsFactory,150,Agg,Hard,3,Y,9,Bullet,Toad,A,7,Bullet,Toad,M,1,Bullet,Baby Mario,M,4,Mach,Mario,A
16F,1,1,4,H,N64BowsersCastleWaluigi StadiumToad's Factory,150,Agg,Hard,3,Y,4*,Bullet,Toad,A,3*,Bullet,Toad,M,2*,Bullet,Baby Mario,M,1*,Mach,Mario,A
17,N,0,1,D,MarioRaceway,150,Agg,Hard,3,Y,2,Bullet,Toad,A,1,Bullet,Toad,M,11,Bullet,Baby Mario,M,3,Mach,Yoshi,A
17,Y,1,1,D,BowserCastle3,150,Agg,Hard,3,Y,2,Bullet,Toad,A,7,Bullet,Toad,M,5,Bullet,Baby Mario,M,1,Mach,Yoshi,A
17,N,0,1,D,GrumbleVolcano,150,Agg,Hard,3,Y,3,Bullet,Toad,A,1,Bullet,Toad,M,6,Bullet,Baby Mario,M,2,Mach,Yoshi,A
17F,1,1,1,D,MarioRacewayBowser Castle 3Grumble Volcano,150,Agg,Hard,3,Y,3*,Bullet,Toad,A,2*,Bullet,Toad,M,7*,Bullet,Baby Mario,M,1*,Mach,Yoshi,A
18,N,0,2,D,YoshiFalls,150,Agg,Hard,3,Y,1,Bullet,Toad,A,6,Bullet,Toad,M,2,Bullet,Baby Mario,M,7,Flame,Wario,A
18,Y,1,2,D,DryDryRuins,150,Agg,Hard,3,Y,1,Bullet,Toad,A,8,Bullet,Toad,M,6,Bullet,Baby Mario,M,3,Flame,Wario,A
18,N,0,2,D,BowserCastle3,150,Agg,Hard,3,Y,1,Bullet,Toad,A,4,Bullet,Toad,M,2,Bullet,Baby Mario,M,3,Flame,Wario,A
18F,1,1,2,D,YoshiFallsDry Dry RuinsBowser Castle 3,150,Agg,Hard,3,Y,1*,Bullet,Toad,A,6*,Bullet,Toad,M,2*,Bullet,Baby Mario,M,3*,Flame,Wario,A
19,N,0,3,D,GrumbleVolcano,150,Agg,Hard,3,Y,2,Mach,Mario,A,7,Bullet,Toad,M,1,Bullet,Baby Mario,M,9,Flame,Wario,A
19,N,0,3,D,YoshiFalls,150,Agg,Hard,3,Y,2,Mach,Mario,A,6,Bullet,Toad,M,1,Bullet,Baby Mario,M,3,Flame,Wario,A
19,Y,1,3,D,MarioCircuit,150,Agg,Hard,3,Y,1,Mach,Mario,A,9,Bullet,Toad,M,4,Bullet,Baby Mario,M,7,Flame,Wario,A
19F,1,1,3,D,GrumbleVolcanoYoshi FallsMario Circuit,150,Agg,Hard,3,Y,1*,Mach,Mario,A,8*,Bullet,Toad,M,2*,Bullet,Baby Mario,M,5*,Flame,Wario,A
20,N,0,4,D,GhostValley,150,Agg,Hard,3,Y,1,Mach,Yoshi,A,4,Bullet,Baby Mario,M,2,Bullet,Baby Mario,M,9,Flame,Wario,A
20,Y,1,4,D,JungleParkway,150,Agg,Hard,3,Y,1,Mach,Yoshi,A,2,Bullet,Baby Mario,M,5,Bullet,Baby Mario,M,8,Flame,Wario,A
20,N,0,4,D,DesertHills,150,Agg,Hard,3,Y,1,Mach,Yoshi,A,2,Bullet,Baby Mario,M,7,Bullet,Baby Mario,M,4,Flame,Wario,A
20F,1,1,4,D,GhostValleyJungle ParkwayDesert Hills,150,Agg,Hard,3,Y,1*,Mach,Yoshi,A,2*,Bullet,Baby Mario,M,3*,Bullet,Baby Mario,M,7*,Flame,Wario,A
21,N,0,5,D,N64BowsersCastle,150,Agg,Hard,3,Y,1,Flame,Wario,A,5,Bullet,Baby Mario,M,4,Bullet,Baby Mario,M,2,Mach,Yoshi,A
21,N,0,5,D,DaisyCircuit,150,Agg,Hard,3,Y,2,Flame,Wario,A,3,Bullet,Baby Mario,M,1,Bullet,Baby Mario,M,7,Mach,Yoshi,A
21,Y,1,5,D,WaluigiStadium,150,Agg,Hard,3,Y,1,Flame,Wario,A,2,Bullet,Baby Mario,M,6,Bullet,Baby Mario,M,3,Mach,Yoshi,A
21F,1,1,5,D,N64BowsersCastleDaisy CircuitWaluigi Stadium,150,Agg,Hard,3,Y,1*,Flame,Wario,A,3*,Bullet,Baby Mario,M,2*,Bullet,Baby Mario,M,4*,Mach,Yoshi,A
22,N,0,1,H,WariosGoldMine,150,Agg,Hard,3,Y,5,Flame,King Boo,A,1,Bullet,Baby Mario,M,2,Bullet,Baby Mario,M,3,Mach,Yoshi,A
22,Y,1,1,H,MarioRaceway,150,Agg,Hard,3,Y,1,Flame,King Boo,A,2,Bullet,Baby Mario,M,4,Bullet,Baby Mario,M,5,Mach,Yoshi,A
22,N,0,1,H,KoopaCape,150,Agg,Hard,3,Y,7,Flame,King Boo,A,2,Bullet,Baby Mario,M,1,Bullet,Baby Mario,M,3,Mach,Yoshi,A
22F,1,1,1,H,WariosGold MineMario RacewayKoopa Cape,150,Agg,Hard,3,Y,4*,Flame,King Boo,A,1*,Bullet,Baby Mario,M,2*,Bullet,Baby Mario,M,3*,Mach,Yoshi,A
23,N,0,2,H,BowsersCastle,150,Agg,Hard,3,Y,7,Flame,King Boo,A,1,Bullet,Toad,M,10,Bullet,Baby Mario,M,2,Mach,Yoshi,A
23,N,0,2,H,LuigiCircuit,150,Agg,Hard,3,Y,2,Flame,King Boo,A,3,Bullet,Toad,M,11,Bullet,Baby Mario,M,1,Mach,Yoshi,A
23,Y,1,2,H,YoshiFalls,150,Agg,Hard,3,Y,7,Flame,King Boo,A,10,Bullet,Toad,M,5,Bullet,Baby Mario,M,1,Mach,Yoshi,A
23F,1,1,2,H,BowsersCastleLuigi CircuitYoshi Falls,150,Agg,Hard,3,Y,3*,Flame,King Boo,A,2*,Bullet,Toad,M,10*,Bullet,Baby Mario,M,1*,Mach,Yoshi,A
24,N,0,3,H,MarioRaceway,150,Agg,Hard,3,Y,3,Flame,King Boo,A,4,Bullet,Toad,M,7,Bullet,Baby Mario,M,1,Flame,Wario,A
24,N,0,3,H,YoshiFalls,150,Agg,Hard,3,Y,10,Flame,King Boo,A,4,Bullet,Toad,M,3,Bullet,Baby Mario,M,12,Flame,Wario,A
24,Y,1,3,H,BowserCastle3,150,Agg,Hard,3,Y,3,Flame,King Boo,A,12,Bullet,Toad,M,5,Bullet,Baby Mario,M,2,Flame,Wario,A
24F,1,1,3,H,MarioRacewayYoshi FallsBowser Castle 3,150,Agg,Hard,3,Y,6*,Flame,King Boo,A,7*,Bullet,Toad,M,5*,Bullet,Baby Mario,M,4*,Flame,Wario,A
25,N,0,1,H,RainbowRoad,150,Agg,Hard,3,Y,1,Flame,Wario,A,6,Bullet,Toad,M,3,Bullet,Baby Mario,M,2,Mach,Yoshi,A
25,N,0,1,H,MarioCircuit,150,Agg,Hard,3,Y,2,Flame,Wario,A,3,Bullet,Toad,M,4,Bullet,Baby Mario,M,1,Mach,Yoshi,A
25,Y,1,1,H,DesertHills,150,Agg,Hard,3,Y,7,Flame,Wario,A,1,Bullet,Toad,M,9,Bullet,Baby Mario,M,2,Mach,Yoshi,A
25F,1,1,1,H,RainbowRoadMario CircuitDesert Hills,150,Agg,Hard,3,Y,2*,Flame,Wario,A,3*,Bullet,Toad,M,4*,Bullet,Baby Mario,M,1*,Mach,Yoshi,A
26,N,0,2,H,MooMooMeadows,150,Agg,Hard,3,Y,1,Flame,Wario,A,12,Bullet,Toad,M,2,Bullet,Baby Mario,M,7,Flame,Wario,A
26,Y,1,2,H,JungleParkway,150,Agg,Hard,3,Y,8,Flame,Wario,A,1,Bullet,Toad,M,2,Bullet,Baby Mario,M,4,Flame,Wario,A
26,N,0,2,H,MarioCircuit3,150,Agg,Hard,3,Y,4,Flame,Wario,A,6,Bullet,Toad,M,8,Bullet,Baby Mario,M,1,Flame,Wario,A
26F,1,1,2,H,MooMooMeadowsJungle ParkwayMario Circuit 3,150,Agg,Hard,3,Y,4*,Flame,Wario,A,6*,Bullet,Toad,M,3*,Bullet,Baby Mario,M,2*,Flame,Wario,A
27,Y,1,1,D,N64BowsersCastle,150,Agg,Hard,3,Y,3,Mach,Yoshi,A,2,Bullet,Baby Mario,M,4,Bullet,Baby Mario,M,1,Mach,Yoshi,A
27,N,0,1,D,MarioCircuit3,150,Agg,Hard,3,Y,3,Mach,Yoshi,A,5,Bullet,Baby Mario,M,1,Bullet,Baby Mario,M,8,Mach,Yoshi,A
27,N,0,1,D,DryDryRuins,150,Agg,Hard,3,Y,1,Mach,Yoshi,A,2,Bullet,Baby Mario,M,3,Bullet,Baby Mario,M,4,Mach,Yoshi,A
27F,1,1,1,D,N64BowsersCastleMario Circuit 3Dry Dry Ruins,150,Agg,Hard,3,Y,1*,Mach,Yoshi,A,3*,Bullet,Baby Mario,M,2*,Bullet,Baby Mario,M,4*,Mach,Yoshi,A
28,N,0,2,D,MushroomGorge,150,Agg,Hard,3,Y,2,Flame,Wario,A,3,Bullet,Baby Mario,M,4,Bullet,Baby Mario,M,1,Mach,Yoshi,A
28,Y,1,2,D,GCNMarioCircuit,150,Agg,Hard,3,Y,1,Flame,Wario,A,2,Bullet,Baby Mario,M,4,Bullet,Baby Mario,M,3,Mach,Yoshi,A
28,N,0,2,D,SherbetLand,150,Agg,Hard,3,Y,3,Flame,Wario,A,9,Bullet,Baby Mario,M,5,Bullet,Baby Mario,M,7,Mach,Yoshi,A
28F,1,1,2,D,MushroomGorgeGCN Mario CircuitSherbet Land,150,Agg,Hard,3,Y,1*,Flame,Wario,A,3*,Bullet,Baby Mario,M,6*,Bullet,Baby Mario,M,2*,Mach,Yoshi,A
29,N,0,3,D,KoopaCape,150,Agg,Hard,3,Y,2,Flame,King Boo,A,3,Bullet,Baby Mario,M,1,Bullet,Baby Mario,M,10,Mach,Yoshi,A
29,Y,1,3,D,JungleParkway,150,Agg,Hard,3,Y,3,Flame,King Boo,A,2,Bullet,Baby Mario,M,1,Bullet,Baby Mario,M,5,Mach,Yoshi,A
29,N,0,3,D,CoconutMall,150,Agg,Hard,3,Y,4,Flame,King Boo,A,1,Bullet,Baby Mario,M,5,Bullet,Baby Mario,M,2,Mach,Yoshi,A
29F,1,1,3,D,KoopaCapeJungle ParkwayCoconut Mall,150,Agg,Hard,3,Y,3*,Flame,King Boo,A,1*,Bullet,Baby Mario,M,2*,Bullet,Baby Mario,M,3*,Mach,Yoshi,A
30,N,0,4,D,KoopaCape,150,Agg,Hard,3,Y,1,Flame,King Boo,A,11,Bullet,Toad,M,10,Bullet,Baby Mario,M,2,Mach,Yoshi,A
30,Y,1,4,D,DryDryRuins,150,Agg,Hard,3,Y,2,Flame,King Boo,A,1,Bullet,Toad,M,10,Bullet,Baby Mario,M,3,Mach,Yoshi,A
30,N,0,4,D,GrumbleVolcano,150,Agg,Hard,3,Y,4,Flame,King Boo,A,1,Bullet,Toad,M,3,Bullet,Baby Mario,M,5,Mach,Yoshi,A
30F,1,1,4,D,KoopaCapeDry Dry RuinsGrumble Volcano,150,Agg,Hard,3,Y,1*,Flame,King Boo,A,2*,Bullet,Toad,M,6*,Bullet,Baby Mario,M,3*,Mach,Yoshi,A
31,Y,1,5,D,DelfinoSquare,150,Agg,Hard,3,Y,2,Bullet,Baby Luigi,A,11,Bullet,Toad,M,1,Bullet,Baby Mario,M,4,Mach,Yoshi,A
31,N,0,5,D,WaluigiStadium,150,Agg,Hard,3,Y,1,Bullet,Baby Luigi,A,10,Bullet,Toad,M,2,Bullet,Baby Mario,M,3,Mach,Yoshi,A
31,N,0,5,D,BowserCastle3,150,Agg,Hard,3,Y,1,Bullet,Baby Luigi,A,12,Bullet,Toad,M,3,Bullet,Baby Mario,M,2,Mach,Yoshi,A
31F,1,1,5,D,DelfinoSquareWaluigi StadiumBowser Castle 3,150,Agg,Hard,3,Y,1*,Bullet,Baby Luigi,A,12*,Bullet,Toad,M,2*,Bullet,Baby Mario,M,3*,Mach,Yoshi,A
32,N,0,6,D,MarioCircuit3,150,Agg,Hard,3,Y,2,Magikruiser,Toadette,A,5,Bullet,Baby Mario,M,1,Bullet,Baby Mario,M,3,Mach,Yoshi,A
32,Y,1,6,D,N64BowsersCastle,150,Agg,Hard,3,Y,2,Magikruiser,Toadette,A,3,Bullet,Baby Mario,M,1,Bullet,Baby Mario,M,6,Mach,Yoshi,A
32,N,0,6,D,DKSummit,150,Agg,Hard,3,Y,2,Magikruiser,Toadette,A,10,Bullet,Baby Mario,M,3,Bullet,Baby Mario,M,1,Mach,Yoshi,A
32F,1,1,6,D,MarioCircuit3N64 Bowser's CastleDK Summit,150,Agg,Hard,3,Y,2*,Magikruiser,Toadette,A,5*,Bullet,Baby Mario,M,1*,Bullet,Baby Mario,M,3*,Mach,Yoshi,A
33,N,0,7,D,MarioCircuit,150,Agg,Hard,3,Y,2,Magikruiser,Toadette,A,1,Bullet,Baby Mario,M,5,Bullet,Toad,M,6,Mach,Yoshi,A
33,N,0,7,D,GCNMarioCircuit,150,Agg,Hard,3,Y,8,Magikruiser,Toadette,A,1,Bullet,Baby Mario,M,9,Bullet,Toad,M,6,Mach,Yoshi,A
33,Y,1,7,D,GrumbleVolcano,150,Agg,Hard,3,Y,3,Magikruiser,Toadette,A,1,Bullet,Baby Mario,M,8,Bullet,Toad,M,2,Mach,Yoshi,A
33F,1,1,7,D,MarioCircuitGCN Mario CircuitGrumble Volcano,150,Agg,Hard,3,Y,2*,Magikruiser,Toadette,A,1*,Bullet,Baby Mario,M,7*,Bullet,Toad,M,4*,Mach,Yoshi,A
34,N,0,8,D,ToadsFactory,150,Agg,Hard,3,Y,3,Magikruiser,Toadette,A,5,Bullet,Toad,M,2,Bullet,Baby Mario,M,1,Mach,Yoshi,A
34,Y,1,8,D,MapleTreeway,150,Agg,Hard,3,Y,7,Magikruiser,Toadette,A,2,Bullet,Toad,M,4,Bullet,Baby Mario,M,1,Mach,Yoshi,A
34,N,0,8,D,JungleParkway,150,Agg,Hard,3,Y,5,Magikruiser,Toadette,A,1,Bullet,Toad,M,2,Bullet,Baby Mario,M,4,Mach,Yoshi,A
34,1,1,8,D,ToadsFactoryMaple TreewayJungle Parkway,150,Agg,Hard,3,Y,5*,Magikruiser,Toadette,A,3*,Bullet,Toad,M,2*,Bullet,Baby Mario,M,1*,Mach,Yoshi,A
35,N,0,9,D,MooMooMeadows,150,Agg,Hard,3,Y,2,Magikruiser,Toadette,A,3,Bullet,Toad,M,1,Bullet,Baby Mario,M,5,Flame,Wario,A
35,Y,1,9,D,KoopaCape,150,Agg,Hard,3,Y,11,Magikruiser,Toadette,A,12,Bullet,Toad,M,2,Bullet,Baby Mario,M,1,Flame,Wario,A
35,N,0,9,D,LuigiCircuit,150,Agg,Hard,3,Y,2,Magikruiser,Toadette,A,5,Bullet,Toad,M,3,Bullet,Baby Mario,M,4,Flame,Wario,A
35F,1,1,9,D,MooMooMeadowsKoopa CapeLuigi Circuit,150,Agg,Hard,3,Y,4*,Magikruiser,Toadette,A,6*,Bullet,Toad,M,1*,Bullet,Baby Mario,M,2*,Flame,Wario,A
36,N,0,10,D,MushroomGorge,150,Agg,Hard,3,Y,1,Magikruiser,Toadette,A,12,Bullet,Baby Mario,M,10,Bullet,Toad,M,3,Flame,Wario,A
36,Y,1,10,D,WariosGoldMine,150,Agg,Hard,3,Y,11,Magikruiser,Toadette,A,3,Bullet,Baby Mario,M,6,Bullet,Toad,M,1,Flame,Wario,A
36,N,0,10,D,BowserCastle3,150,Agg,Hard,3,Y,3,Magikruiser,Toadette,A,4,Bullet,Baby Mario,M,11,Bullet,Toad,M,1,Flame,Wario,A
36F,1,1,10,D,MushroomGorgeWario's Gold MineBowser Castle 3,150,Agg,Hard,3,Y,2*,Magikruiser,Toadette,A,7*,Bullet,Baby Mario,M,12*,Bullet,Toad,M,1*,Flame,Wario,A
37,N,0,11,D,YoshiFalls,150,Agg,Hard,3,Y,6,Magikruiser,Toadette,A,8,Bullet,Baby Mario,M,1,Bullet,Baby Mario,M,4,Flame,King Boo,A
37,Y,1,11,D,KoopaCape,150,Agg,Hard,3,Y,1,Magikruiser,Toadette,A,2,Bullet,Baby Mario,M,12,Bullet,Baby Mario,M,11,Flame,King Boo,A
37,N,0,11,D,GCNMarioCircuit,150,Agg,Hard,3,Y,10,Magikruiser,Toadette,A,7,Bullet,Baby Mario,M,8,Bullet,Baby Mario,M,12,Flame,King Boo,A
37F,1,1,11,D,YoshiFallsKoopa CapeGCN Mario Circuit,150,Agg,Hard,3,Y,5*,Magikruiser,Toadette,A,6*,Bullet,Baby Mario,M,7*,Bullet,Baby Mario,M,10*,Flame,King Boo,A
38,N,0,12,D,SherbetLand,150,Agg,Hard,3,Y,2,Magikruiser,Toadette,A,3,Bullet,Baby Mario,M,12,Magikruiser,Baby Mario,M,1,Flame,Wario,A
38,N,0,12,D,YoshiFalls,150,Agg,Hard,3,Y,1,Magikruiser,Toadette,A,7,Bullet,Baby Mario,M,8,Magikruiser,Baby Mario,M,2,Flame,Wario,A
38,Y,1,12,D,GCNMarioCircuit,150,Agg,Hard,3,Y,5,Magikruiser,Toadette,A,11,Bullet,Baby Mario,M,12,Magikruiser,Baby Mario,M,3,Flame,Wario,A
38F,1,1,12,D,SherbetLandYoshi FallsGCN Mario Circuit,150,Agg,Hard,3,Y,2*,Magikruiser,Toadette,A,8*,Bullet,Baby Mario,M,12*,Magikruiser,Baby Mario,M,1*,Flame,Wario,A
39,N,0,1,D,MarioRaceway,150,Agg,Hard,3,Y,12,Magikruiser,Toadette,A,3,Bullet,Baby Mario,M,1,Bullet,Baby Mario,M,5,Flame,King Boo,A
39,Y,1,1,D,MooMooMeadows,150,Agg,Hard,3,Y,5,Magikruiser,Toadette,A,7,Bullet,Baby Mario,M,9,Bullet,Baby Mario,M,11,Flame,King Boo,A
39,N,0,1,D,GhostValley,150,Agg,Hard,3,Y,9,Magikruiser,Toadette,A,4,Bullet,Baby Mario,M,12,Bullet,Baby Mario,M,1,Flame,King Boo,A
39F,1,1,1,D,MarioRacewayMoo Moo MeadowsGhost Valley,150,Agg,Hard,3,Y,10*,Magikruiser,Toadette,A,4*,Bullet,Baby Mario,M,6*,Bullet,Baby Mario,M,3*,Flame,King Boo,A
40,N,0,2,D,SherbetLand,150,Agg,Hard,3,Y,1,Bullet,Baby Luigi,A,5,Bullet,Baby Mario,M,3,Bullet,Baby Mario,M,2,Flame,King Boo,A
40,Y,1,2,D,N64BowsersCastle,150,Agg,Hard,3,Y,3,Bullet,Baby Luigi,A,4,Bullet,Baby Mario,M,1,Bullet,Baby Mario,M,2,Flame,King Boo,A
40,N,0,2,D,ShyGuyBeach,150,Agg,Hard,3,Y,2,Bullet,Baby Luigi,A,4,Bullet,Baby Mario,M,5,Bullet,Baby Mario,M,1,Flame,King Boo,A
40F,1,1,2,D,SherbetLandN64 Bowser's CastleShy Guy Beach,150,Agg,Hard,3,Y,2*,Bullet,Baby Luigi,A,5*,Bullet,Baby Mario,M,3*,Bullet,Baby Mario,M,1*,Flame,King Boo,A
41,N,0,3,D,WaluigiStadium,150,Agg,Hard,3,Y,4,Bullet,Baby Luigi,A,1,Bullet,Baby Mario,M,3,Bullet,Baby Mario,M,2,Bullet,Baby Luigi,A
41,N,0,3,D,N64BowsersCastle,150,Agg,Hard,3,Y,4,Bullet,Baby Luigi,A,3,Bullet,Baby Mario,M,2,Bullet,Baby Mario,M,1,Bullet,Baby Luigi,A
41,Y,1,3,D,DelfinoSquare,150,Agg,Hard,3,Y,8,Bullet,Baby Luigi,A,1,Bullet,Baby Mario,M,2,Bullet,Baby Mario,M,3,Bullet,Baby Luigi,A
41F,1,1,3,D,WaluigiStadiumN64 Bowser's CastleDelfino Square,150,Agg,Hard,3,Y,4*,Bullet,Baby Luigi,A,1*,Bullet,Baby Mario,M,3*,Bullet,Baby Mario,M,2*,Bullet,Baby Luigi,A
42,N,0,4,D,MooMooMeadows,150,Agg,Hard,3,Y,2,Bullet,Baby Luigi,A,1,Bullet,Toad,M,4,Bullet,Baby Mario,M,3,Bullet,Baby Luigi,A
42,Y,1,4,D,MapleTreeway,150,Agg,Hard,3,Y,7,Bullet,Baby Luigi,A,1,Bullet,Toad,M,6,Bullet,Baby Mario,M,4,Bullet,Baby Luigi,A
42,N,0,4,D,WaluigiStadium,150,Agg,Hard,3,Y,6,Bullet,Baby Luigi,A,5,Bullet,Toad,M,2,Bullet,Baby Mario,M,1,Bullet,Baby Luigi,A
42F,1,1,4,D,MooMooMeadowsMaple TreewayWaluigi Stadium,150,Agg,Hard,3,Y,5*,Bullet,Baby Luigi,A,1*,Bullet,Toad,M,4*,Bullet,Baby Mario,M,2*,Bullet,Baby Luigi,A
43,Y,1,5,D,N64BowsersCastle,150,Agg,Hard,3,Y,1,Bullet,Baby Luigi,A,2,Mach,Mario,M,4,Bullet,Baby Mario,M,3,Bullet,Baby Luigi,A
43,N,0,5,D,SherbetLand,150,Agg,Hard,3,Y,3,Bullet,Baby Luigi,A,1,Mach,Mario,M,2,Bullet,Baby Mario,M,4,Bullet,Baby Luigi,A
43,N,0,5,D,KoopaCape,150,Agg,Hard,3,Y,1,Bullet,Baby Luigi,A,2,Mach,Mario,M,4,Bullet,Baby Mario,M,3,Bullet,Baby Luigi,A
43F,1,1,5,D,N64BowsersCastleSherbet LandKoopa Cape,150,Agg,Hard,3,Y,1*,Bullet,Baby Luigi,A,2*,Mach,Mario,M,4*,Bullet,Baby Mario,M,3*,Bullet,Baby Luigi,A
44,N,0,1,D,WariosGoldMine,150,Agg,Hard,3,Y,10,Magikruiser,Toadette,A,11,Mach,Mario,M,1,Bullet,Baby Mario,M,2,Magikruiser,Toadette,A
44,N,0,1,D,GhostValley,150,Agg,Hard,3,Y,2,Magikruiser,Toadette,A,8,Mach,Mario,M,3,Bullet,Baby Mario,M,1,Magikruiser,Toadette,A
44,Y,1,1,D,ToadsFactory,150,Agg,Hard,3,Y,3,Magikruiser,Toadette,A,1,Mach,Mario,M,5,Bullet,Baby Mario,M,2,Magikruiser,Toadette,A
44F,1,1,1,D,WariosGoldMineGhost ValleyToad's Factory,150,Agg,Hard,3,Y,3*,Magikruiser,Toadette,A,5*,Mach,Mario,M,2*,Bullet,Baby Mario,M,1*,Magikruiser,Toadette,A
45,N,0,2,D,DelfinoSquare,150,Agg,Hard,3,Y,5,Magikruiser,Toadette,A,7,Mach,Mario,M,3,Bullet,Baby Mario,M,1,Mach,Luigi,A
45,Y,1,2,D,BowserCastle3,150,Agg,Hard,3,Y,3,Magikruiser,Toadette,A,9,Mach,Mario,M,7,Bullet,Baby Mario,M,1,Mach,Luigi,A
45,N,0,2,D,KoopaCape,150,Agg,Hard,3,Y,1,Magikruiser,Toadette,A,5,Mach,Mario,M,3,Bullet,Baby Mario,M,2,Mach,Luigi,A
45F,1,1,2,D,DelfinoSquareBowser Castle 3,150,Agg,Hard,3,Y,2*,Magikruiser,Toadette,A,7*,Mach,Mario,M,4*,Bullet,Baby Mario,M,1*,Mach,Luigi,A
46,N,0,3,D,WaluigiStadium,150,Agg,Hard,3,Y,2,Magikruiser,Toadette,A,1,Bullet,Toad,M,3,Bullet,Baby Mario,M,4,Mach,Birdo,A
46,N,0,3,D,BowserCastle3,150,Agg,Hard,3,Y,1,Magikruiser,Toadette,A,12,Bullet,Toad,M,9,Bullet,Baby Mario,M,3,Mach,Birdo,A
46,Y,1,3,D,PeachGardens,150,Agg,Hard,3,Y,3,Magikruiser,Toadette,A,2,Bullet,Toad,M,6,Bullet,Baby Mario,M,1,Mach,Birdo,A
46F,1,1,3,D,WaluigiStadiumBowser Castle 3Peach Gardens,150,Agg,Hard,3,Y,1*,Magikruiser,Toadette,A,3*,Bullet,Toad,M,5*,Bullet,Baby Mario,M,2*,Mach,Birdo,A
47,N,0,1,D,GCNMarioCircuit,150,Agg,Hard,3,Y,4,Mach,Luigi,A,1,Bullet,Toad,M,3,Bullet,Baby Mario,M,5,Flame,Waluigi,A
47,Y,1,1,D,PeachGardens,150,Agg,Hard,3,Y,1,Mach,Luigi,A,5,Bullet,Toad,M,2,Bullet,Baby Mario,M,4,Flame,Waluigi,A
47,Y,1,1,D,MoonviewHighway,150,Agg,Hard,3,Y,4,Mach,Luigi,A,1,Bullet,Toad,M,3,Bullet,Baby Mario,M,5,Flame,Waluigi,A
47F,2,2,1,D,GCNMarioCircuitPeach GardensMoonview Highway,150,Agg,Hard,3,Y,3*,Mach,Luigi,A,1*,Bullet,Toad,M,2*,Bullet,Baby Mario,M,4*,Flame,Waluigi,A
48,N,0,2,D,JungleParkway,150,Agg,Hard,3,Y,2,Mach,Luigi,A,3,Mach,Mario,M,4,Bullet,Baby Mario,M,1,Flame,Waluigi,A
48,N,0,2,D,ShyGuyBeach,150,Agg,Hard,3,Y,2,Mach,Luigi,A,6,Mach,Mario,M,3,Bullet,Baby Mario,M,1,Flame,Waluigi,A
48,Y,1,2,D,GhostValley,150,Agg,Hard,3,Y,3,Mach,Luigi,A,2,Mach,Mario,M,5,Bullet,Baby Mario,M,1,Flame,Waluigi,A
48F,1,1,2,D,JungleParkwayShy Guy BeachGhost Valley,150,Agg,Hard,3,Y,2*,Mach,Luigi,A,3*,Mach,Mario,M,4*,Bullet,Baby Mario,M,1*,Flame,Waluigi,A
49,Y,1,3,D,BowserCastle3,150,Agg,Hard,3,Y,10,Mach,Luigi,A,3,Mach,Mario,M,1,Bullet,Baby Mario,M,2,Flame,Rosalina,A
49,N,0,3,D,DKMountain,150,Agg,Hard,3,Y,2,Mach,Luigi,A,9,Mach,Mario,M,3,Bullet,Baby Mario,M,1,Flame,Rosalina,A
49,N,0,3,D,DesertHills,150,Agg,Hard,3,Y,3,Mach,Luigi,A,2,Mach,Mario,M,4,Bullet,Baby Mario,M,7,Flame,Rosalina,A
49F,1,1,3,D,BowserCastle3DK MountainDesert Hills,150,Agg,Hard,3,Y,5*,Mach,Luigi,A,4*,Mach,Mario,M,1*,Bullet,Baby Mario,M,2*,Flame,Rosalina,A
50,N,0,4,D,PeachBeach,150,Agg,Hard,3,Y,1,Mach,Luigi,A,11,Mach,Mario,M,3,Bullet,Toad,M,4,Flame,Rosalina,A
50,Y,1,4,D,MapleTreeway,150,Agg,Hard,3,Y,3,Mach,Luigi,A,2,Mach,Mario,M,5,Bullet,Toad,M,1,Flame,Rosalina,A
50,N,0,4,D,YoshiFalls,150,Agg,Hard,3,Y,1,Mach,Luigi,A,5,Mach,Mario,M,3,Bullet,Toad,M,12,Flame,Rosalina,A
50F,1,1,4,D,PeachBeachMaple TreewayYoshi Falls,150,Agg,Hard,3,Y,1*,Mach,Luigi,A,4*,Mach,Mario,M,2*,Bullet,Toad,M,3*,Flame,Rosalina,A
51,N,0,5,D,JungleParkway,150,Agg,Hard,3,Y,3,Mach,Birdo,A,1,Mach,Mario,M,1,Bullet,Toad,M,5,Flame,Rosalina,A
51,Y,1,5,D,DKMountain,150,Agg,Hard,3,Y,1,Mach,Birdo,A,6,Mach,Mario,M,6,Bullet,Toad,M,7,Flame,Rosalina,A
51,N,0,5,D,ShebetLand,150,Agg,Hard,3,Y,2,Mach,Birdo,A,5,Mach,Mario,M,5,Bullet,Toad,M,3,Flame,Rosalina,A
51F,1,1,5,D,JungleParkwayDK MountainShebet Land,150,Agg,Hard,3,Y,1*,Mach,Birdo,A,3*,Mach,Mario,M,3*,Bullet,Toad,M,5*,Flame,Rosalina,A
52,N,0,1,D,ShyGuyBeach,150,Agg,Hard,3,Y,5,Flame,Waluigi,A,2,Mach,Yoshi,M,4,Bullet,Toad,M,1,Flame,Rosalina,A
52,Y,1,1,D,RainbowRoad,150,Agg,Hard,3,Y,3,Flame,Waluigi,A,2,Mach,Yoshi,M,9,Bullet,Toad,M,4,Flame,Rosalina,A
52,Y,1,1,D,MoonviewHighway,150,Agg,Hard,3,Y,2,Flame,Waluigi,A,3,Mach,Yoshi,M,4,Bullet,Toad,M,1,Flame,Rosalina,A
52F,2,1,1,D,ShyGuyBeachRainbow RoadMoonview Highway,150,Agg,Hard,3,Y,3*,Flame,Waluigi,A,2*,Mach,Yoshi,M,4*,Bullet,Toad,M,1*,Flame,Rosalina,A
53,N,0,2,D,MushroomGorge,150,Agg,Hard,3,Y,1,Flame,Waluigi,A,3,Mach,Yoshi,M,2,Bullet,Toad,M,9,Bullet,Baby Peach,A
53,N,0,2,D,PeachGardens,150,Agg,Hard,3,Y,4,Flame,Waluigi,A,9,Mach,Yoshi,M,1,Bullet,Toad,M,3,Bullet,Baby Peach,A
53,Y,1,2,D,MoonviewHighway,150,Agg,Hard,3,Y,2,Flame,Waluigi,A,3,Mach,Yoshi,M,4,Bullet,Toad,M,1,Bullet,Baby Peach,A
53F,1,1,2,D,MushroomGorgePeach GardensMoonview Highway,150,Agg,Hard,3,Y,1*,Flame,Waluigi,A,5*,Mach,Yoshi,M,2*,Bullet,Toad,M,3,Bullet,Baby Peach,A
54,N,0,3,D,ToadsFactory,Mirror,Agg,Hard,3,Y,1,Flame,Rosalina,A,2,Mach,Yoshi,M,3,Bullet,Toad,M,9,Bullet,Baby Peach,A
54,Y,1,3,D,GrumbleVolcano,Mirror,Agg,Hard,3,Y,1,Flame,Rosalina,A,3,Mach,Yoshi,M,5,Bullet,Toad,M,4,Bullet,Baby Peach,A
54,N,0,3,D,DryDryRuins,Mirror,Agg,Hard,3,Y,3,Flame,Rosalina,A,6,Mach,Yoshi,M,1,Bullet,Toad,M,2,Bullet,Baby Peach,A
54F,1,1,3,D,ToadsFactoryGrumble VolcanoDry Dry Ruins,Mirror,Agg,Hard,3,Y,1*,Flame,Rosalina,A,3*,Mach,Yoshi,M,2*,Bullet,Toad,M,5*,Bullet,Baby Peach,A
55,N,0,4,D,MooMooMeadows,150,Agg,Hard,3,Y,4,Bullet,Baby Peach,A,3,Mach,Yoshi,M,2,Bullet,Toad,M,1,Bullet,Baby Peach,A
55,N,0,4,D,PeachBeach,150,Agg,Hard,3,Y,9,Bullet,Baby Peach,A,8,Mach,Yoshi,M,4,Bullet,Toad,M,2,Bullet,Baby Peach,A
55,Y,1,4,D,MarioCircuit3,150,Agg,Hard,3,Y,4,Bullet,Baby Peach,A,3,Mach,Yoshi,M,1,Bullet,Toad,M,8,Bullet,Baby Peach,A
55F,1,1,4,D,MooMooMeadowsPeach BeachMario Circuit 3,150,Agg,Hard,3,Y,6*,Bullet,Baby Peach,A,3*,Mach,Yoshi,M,1*,Bullet,Toad,M,2*,Bullet,Baby Peach,A
56,N,0,5,D,ToadsFactory,150,Agg,Hard,3,Y,1,Bullet,Baby Peach,A,5,Mach,Yoshi,M,2,Mach,Mario,M,4,Bullet,Baby Peach,A
56,Y,1,5,D,BowsersCastle,150,Agg,Hard,3,Y,2,Bullet,Baby Peach,A,1,Mach,Yoshi,M,4,Mach,Mario,M,5,Bullet,Baby Peach,A
56,N,0,5,D,WariosGoldMine,150,Agg,Hard,3,Y,1,Bullet,Baby Peach,A,9,Mach,Yoshi,M,8,Mach,Mario,M,3,Bullet,Baby Peach,A
56F,1,1,5,D,ToadsFactoryBowser's CastleWario's Gold Mine,150,Agg,Hard,3,Y,1*,Bullet,Baby Peach,A,3*,Mach,Yoshi,M,4*,Mach,Mario,M,2*,Bullet,Baby Peach,A
57,N,0,1,D,MapleTreeway,150,Agg,Hard,3,Y,1,Bullet,Koopa,A,2,Mach,Yoshi,M,5,Mach,Mario,M,3,Bullet,Baby Peach,A
57,N,0,1,D,GhostValley,150,Agg,Hard,3,Y,3,Bullet,Koopa,A,6,Mach,Yoshi,M,1,Mach,Mario,M,2,Bullet,Baby Peach,A
57,Y,1,1,D,GCNMarioCircuit,150,Agg,Hard,3,Y,2,Bullet,Koopa,A,1,Mach,Yoshi,M,8,Mach,Mario,M,3,Bullet,Baby Peach,A
57F,1,1,1,D,MapleTreewayGhost ValleyGCN Mario Circuit,150,Agg,Hard,3,Y,1*,Bullet,Koopa,A,2*,Mach,Yoshi,M,4*,Mach,Mario,M,3*,Bullet,Baby Peach,A
58,N,0,2,D,WariosGoldMine,150,Agg,Hard,3,Y,1,Mach,Peach,A,3,Mach,Yoshi,M,4,Mach,Mario,M,2,Bullet,Baby Peach,A
58,N,0,2,D,PeachGardens,150,Agg,Hard,3,Y,3,Mach,Peach,A,6,Mach,Yoshi,M,7,Mach,Mario,M,1,Bullet,Baby Peach,A
58,Y,1,2,D,PeachBeach,150,Agg,Hard,3,Y,4,Mach,Peach,A,10,Mach,Yoshi,M,5,Mach,Mario,M,1,Bullet,Baby Peach,A
58F,1,1,2,D,WariosGoldMinePeach GardensPeach Beach,150,Agg,Hard,3,Y,2*,Mach,Peach,A,6*,Mach,Yoshi,M,5*,Mach,Mario,M,1*,Bullet,Baby Peach,A
59,N,0,3,D,BowsersCastle,150,Agg,Hard,3,Y,3,Mach,Peach,A,1,Mach,Yoshi,M,7,Mach,Mario,M,4,Bullet,Koopa,A
59,Y,1,3,D,ToadsFactory,150,Agg,Hard,3,Y,3,Mach,Peach,A,1,Mach,Yoshi,M,8,Mach,Mario,M,2,Bullet,Koopa,A
59,N,0,3,D,LuigiCircuit,150,Agg,Hard,3,Y,1,Mach,Peach,A,4,Mach,Yoshi,M,3,Mach,Mario,M,2,Bullet,Koopa,A
59F,1,1,3,D,BowsersCastleToad's FactoryLuigi Circuit,150,Agg,Hard,3,Y,2*,Mach,Peach,A,1*,Mach,Yoshi,M,6*,Mach,Mario,M,3*,Bullet,Koopa,A
60,N,0,4,D,MarioCircuit,150,Agg,Hard,3,Y,1,Mach,Peach,A,8,Flame,Wario,M,2,Mach,Mario,M,3,Bullet,Koopa,A
60,Y,1,4,D,BowserCastle 3,150,Agg,Hard,3,Y,2,Mach,Peach,A,4,Flame,Wario,M,3,Mach,Mario,M,1,Bullet,Koopa,A
60,N,0,4,D,DelfinoSquare,150,Agg,Hard,3,Y,1,Mach,Peach,A,8,Flame,Wario,M,12,Mach,Mario,M,4,Bullet,Koopa,A
60F,1,1,4,D,MarioCircuitBowser Castle 3Delfino Square,150,Agg,Hard,3,Y,1*,Mach,Peach,A,6*,Flame,Wario,M,4*,Mach,Mario,M,2*,Bullet,Koopa,A
61,N,0,5,D,DKSummit,150,Agg,Hard,3,Y,2,Mach,Diddy Kong,A,4,Flame,Wario,M,3,Mach,Mario,M,1,Bullet,Koopa,A
61,Y,1,5,D,ShyGuyBeach,150,Agg,Hard,3,Y,7,Mach,Diddy Kong,A,2,Flame,Wario,M,1,Mach,Mario,M,3,Bullet,Koopa,A
61,N,0,5,D,N64BowsersCastle,150,Agg,Hard,3,Y,1,Mach,Diddy Kong,A,4,Flame,Wario,M,9,Mach,Mario,M,2,Bullet,Koopa,A
61F,1,1,5,D,DKSummitShy Guy BeachN64 Bowser's Castle,150,Agg,Hard,3,Y,2*,Mach,Diddy Kong,A,3*,Flame,Wario,M,4*,Mach,Mario,M,1*,Bullet,Koopa,A
62,N,0,1,D,DesertHills,150,Agg,Hard,3,Y,1,Mach,Diddy Kong,A,6,Flame,Wario,M,12,Mach,Mario,M,2,Mach,Peach,A
62,Y,1,1,D,MooMooMeadows,150,Agg,Hard,3,Y,6,Mach,Diddy Kong,A,1,Flame,Wario,M,2,Mach,Mario,M,4,Mach,Peach,A
62,N,0,1,D,LuigiCircuit,150,Agg,Hard,3,Y,7,Mach,Diddy Kong,A,6,Flame,Wario,M,2,Mach,Mario,M,1,Mach,Peach,A
62F,1,1,1,D,DesertHillsMoo Moo MeadowsLuigi Circuit,150,Agg,Hard,3,Y,4*,Mach,Diddy Kong,A,3*,Flame,Wario,M,5*,Mach,Mario,M,1*,Mach,Peach,A
63,N,0,2,D,ToadsFactory,150,Agg,Hard,3,Y,2,Mach,Diddy Kong,A,1,Flame,Wario,M,3,Mach,Mario,M,4,Mach,Diddy Kong,A
63,Y,1,2,D,DelfinoSquare,150,Agg,Hard,3,Y,2,Mach,Diddy Kong,A,1,Flame,Wario,M,12,Mach,Mario,M,5,Mach,Diddy Kong,A
63,N,0,2,D,GCNMarioCircuit,150,Agg,Hard,3,Y,3,Mach,Diddy Kong,A,5,Flame,Wario,M,2,Mach,Mario,M,1,Mach,Diddy Kong,A
63F,1,1,2,D,ToadsFactoryDelfino SquareGCN Mario Circuit,150,Agg,Hard,3,Y,2*,Mach,Diddy Kong,A,1*,Flame,Wario,M,4*,Mach,Mario,M,3*,Mach,Diddy Kong,A
64,N,0,3,D,PeachBeach,150,Agg,Hard,3,Y,6,Mach,Diddy Kong,A,2,Flame,King Boo,M,1,Mach,Mario,M,7,Mach,Diddy Kong,A
64,Y,1,3,D,WariosGoldMine,150,Agg,Hard,3,Y,3,Mach,Diddy Kong,A,10,Flame,King Boo,M,7,Mach,Mario,M,1,Mach,Diddy Kong,A
64,Y,1,3,D,MoonviewHighway,150,Agg,Hard,3,Y,5,Mach,Diddy Kong,A,1,Flame,King Boo,M,3,Mach,Mario,M,2,Mach,Diddy Kong,A
64F,2,1,3,D,PeachBeachWario's Gold MineMoonview Highway,150,Agg,Hard,3,Y,5*,Mach,Diddy Kong,A,3*,Flame,King Boo,M,2*,Mach,Mario,M,1*,Mach,Diddy Kong,A
65,N,0,4,D,ShyGuyBeach,150,Agg,Hard,3,Y,2,Mach,Diddy Kong,A,4,Flame,King Boo,M,3,Mach,Mario,M,1,Flame,Donkey,A
65,N,0,4,D,LuigiCircuit,150,Agg,Hard,3,Y,1,Mach,Diddy Kong,A,4,Flame,King Boo,M,3,Mach,Mario,M,7,Flame,Donkey,A
65,Y,1,4,D,N64BowsersCastle,150,Agg,Hard,3,Y,12,Mach,Diddy Kong,A,1,Flame,King Boo,M,9,Mach,Mario,M,11,Flame,Donkey,A
65F,1,1,4,D,ShyGuyBeachLuigi CircuitN64 Bowser's Castle,150,Agg,Hard,3,Y,2*,Mach,Diddy Kong,A,1*,Flame,King Boo,M,5*,Mach,Mario,M,7*,Flame,Donkey,A
66,N,0,5,D,LuigiCircuit,150,Agg,Hard,3,Y,3,Mach,Diddy Kong,A,4,Bullet,Baby Luigi,M,1,Mach,Mario,M,2,Mach,Diddy Kong,A
66,Y,1,5,D,GrumbleVolcano,150,Agg,Hard,3,Y,1,Mach,Diddy Kong,A,3,Bullet,Baby Luigi,M,2,Mach,Mario,M,8,Mach,Diddy Kong,A
66,N,0,5,D,CoconutMall,150,Agg,Hard,3,Y,1,Mach,Diddy Kong,A,5,Bullet,Baby Luigi,M,2,Mach,Mario,M,3,Mach,Diddy Kong,A
66F,1,1,5,D,LuigiCircuitGrumble VolcanoCoconut Mall,150,Agg,Hard,3,Y,1*,Mach,Diddy Kong,A,4*,Bullet,Baby Luigi,M,2*,Mach,Mario,M,3*,Mach,Diddy Kong,A
67,N,0,1,D,DKSummit,150,Agg,Hard,3,Y,1,Flame,Donkey Kong,A,2,Bullet,Baby Luigi,M,3,Mach,Mario,M,4,Mach,Diddy Kong,A
67,Y,1,1,D,ShyGuyBeach,150,Agg,Hard,3,Y,7,Flame,Donkey Kong,A,1,Bullet,Baby Luigi,M,5,Mach,Mario,M,4,Mach,Diddy Kong,A
67,N,0,1,D,SherbetLand,150,Agg,Hard,3,Y,3,Flame,Donkey Kong,A,2,Bullet,Baby Luigi,M,7,Mach,Mario,M,1,Mach,Diddy Kong,A
67F,1,1,1,D,DKSummitShy Guy BeachSherbet Land,150,Agg,Hard,3,Y,3*,Flame,Donkey Kong,A,1*,Bullet,Baby Luigi,M,5*,Mach,Mario,M,2*,Mach,Diddy Kong,A
68,N,0,2,D,DelfinoSquare,150,Agg,Hard,3,Y,2,Flame,Donkey Kong,A,1,Bullet,Toadette,M,3,Mach,Mario,M,5,Mach,Diddy Kong,A
68,Y,1,2,D,ToadsFactory,150,Agg,Hard,3,Y,6,Flame,Donkey Kong,A,3,Bullet,Toadette,M,1,Mach,Mario,M,4,Mach,Diddy Kong,A
68,N,0,2,D,DKSummit,150,Agg,Hard,3,Y,3,Flame,Donkey Kong,A,4,Bullet,Toadette,M,2,Mach,Mario,M,1,Mach,Diddy Kong,A
68F,1,1,2,D,DelfinoSquareToad's FactoryDK Summit,150,Agg,Hard,3,Y,4*,Flame,Donkey Kong,A,2*,Bullet,Toadette,M,1*,Mach,Mario,M,3*,Mach,Diddy Kong,A
69,N,0,1,D,MarioCircuit3,150,Agg,Hard,3,Y,2,Flame,Donkey Kong,A,4,Bullet,Toadette,M,1,Mach,Yoshi,M,3,Mach,Diddy Kong,A
69,Y,1,1,D,DKSummit,150,Agg,Hard,3,Y,3,Flame,Donkey Kong,A,4,Bullet,Toadette,M,2,Mach,Yoshi,M,1,Mach,Diddy Kong,A
69,N,0,1,D,DryDryRuins,150,Agg,Hard,3,Y,1,Flame,Donkey Kong,A,3,Bullet,Toadette,M,2,Mach,Yoshi,M,4,Mach,Diddy Kong,A
69F,1,1,1,D,MarioCircuit3DK SummitDry Dry Ruins,150,Agg,Hard,3,Y,2*,Flame,Donkey Kong,A,4*,Bullet,Toadette,M,1*,Mach,Yoshi,M,3*,Mach,Diddy Kong,A
70,N,0,2,D,N64BowsersCastle,150,Agg,Hard,3,Y,2,Flame,Donkey Kong,A,1,Bullet,Toadette,M,4,Flame,Wario,M,3,Mach,Diddy Kong,A
70,Y,1,2,D,JungleParkway,150,Agg,Hard,3,Y,4,Flame,Donkey Kong,A,3,Bullet,Toadette,M,2,Flame,Wario,M,1,Mach,Diddy Kong,A
70,N,0,2,D,CoconutMall,150,Agg,Hard,3,Y,1,Flame,Donkey Kong,A,5,Bullet,Toadette,M,2,Flame,Wario,M,12,Mach,Diddy Kong,A
70F,1,1,2,D,N64BowsersCastleJungle ParkwayCoconut Mall,150,Agg,Hard,3,Y,1*,Flame,Donkey Kong,A,3*,Bullet,Toadette,M,2*,Flame,Wario,M,4*,Mach,Diddy Kong,A
71,N,0,3,D,DaisyCircuit,150,Agg,Hard,3,Y,6,Flame,Funky Kong,A,9,Bullet,Toadette,M,1,Flame,Wario,M,8,Mach,Diddy Kong,A
71,N,0,3,D,MarioCircuit 3,150,Agg,Hard,3,Y,3,Flame,Funky Kong,A,7,Bullet,Toadette,M,1,Flame,Wario,M,11,Mach,Diddy Kong,A
71,Y,1,3,D,MarioRaceway,150,Agg,Hard,3,Y,5,Flame,Funky Kong,A,12,Bullet,Toadette,M,6,Flame,Wario,M,2,Mach,Diddy Kong,A
71F,1,1,3,D,DaisyCircuitMario Circuit 3Mario Raceway,150,Agg,Hard,3,Y,4*,Flame,Funky Kong,A,10*,Bullet,Toadette,M,2*,Flame,Wario,M,7*,Mach,Diddy Kong,A
72,N,0,4,D,DKSummit,150,Agg,Hard,3,Y,1,Flame,Funky Kong,A,12,Bullet,Baby Luigi,M,4,Flame,Wario,M,5,Mach,Peach,A
72,N,0,4,D,GCNMarioCircuit,150,Agg,Hard,3,Y,4,Flame,Funky Kong,A,2,Bullet,Baby Luigi,M,3,Flame,Wario,M,1,Mach,Peach,A
72,Y,1,4,D,YoshiFalls,150,Agg,Hard,3,Y,2,Flame,Funky Kong,A,4,Bullet,Baby Luigi,M,11,Flame,Wario,M,8,Mach,Peach,A
72F,1,1,4,D,DKSummitGCN Mario CircuitYoshi Falls,150,Agg,Hard,3,Y,1*,Flame,Funky Kong,A,6*,Bullet,Baby Luigi,M,7*,Flame,Wario,M,2*,Mach,Peach,A
73,N,0,5,D,PeachBeach,150,Agg,Hard,3,Y,1,Bullet,Baby Daisy,A,6,Bullet,Baby Luigi,M,3,Mach,Yoshi,M,2,Mach,Peach,A
73,Y,1,5,D,WariosGoldMine,150,Agg,Hard,3,Y,2,Bullet,Baby Daisy,A,7,Bullet,Baby Luigi,M,1,Mach,Yoshi,M,4,Mach,Peach,A
73,N,0,5,D,WaluigiStadium,150,Agg,Hard,3,Y,1,Bullet,Baby Daisy,A,2,Bullet,Baby Luigi,M,3,Mach,Yoshi,M,4,Mach,Peach,A
73F,1,1,5,D,PeachBeachWario's Gold MineWaluigi Stadium,150,Agg,Hard,3,Y,1*,Bullet,Baby Daisy,A,4*,Bullet,Baby Luigi,M,2*,Mach,Yoshi,M,3*,Mach,Peach,A
74,N,0,6,D,GrumbleVolcano,150,Agg,Hard,3,Y,8,Bullet,Dry Bones,A,3,Bullet,Baby Luigi,M,1,Mach,Yoshi,M,2,Mach,Peach,A
74,Y,1,6,D,CoconutMall,150,Agg,Hard,3,Y,2,Bullet,Dry Bones,A,3,Bullet,Baby Luigi,M,12,Mach,Yoshi,M,1,Mach,Peach,A
74,N,0,6,D,MarioRaceway,150,Agg,Hard,3,Y,2,Bullet,Dry Bones,A,4,Bullet,Baby Luigi,M,1,Mach,Yoshi,M,5,Mach,Peach,A
74F,1,1,6,D,GrumbleVolcanoCoconut MallMario Raceway,150,Agg,Hard,3,Y,3*,Bullet,Dry Bones,A,4*,Bullet,Baby Luigi,M,2*,Mach,Yoshi,M,1*,Mach,Peach,A
75,N,0,7,D,SherbetLand,150,Agg,Hard,3,Y,1,Bullet,Dry Bones,A,4,Bullet,Baby Luigi,M,3,Mach,Yoshi,M,2,Mach,Diddy Kong,A
75,Y,1,7,D,KoopaCape,150,Agg,Hard,3,Y,10,Bullet,Dry Bones,A,2,Bullet,Baby Luigi,M,11,Mach,Yoshi,M,12,Mach,Diddy Kong,A
75,N,0,7,D,PeachGardens,150,Agg,Hard,3,Y,2,Bullet,Dry Bones,A,8,Bullet,Baby Luigi,M,4,Mach,Yoshi,M,1,Mach,Diddy Kong,A
75F,1,1,7,D,SherbetLandKoopa CapePeach Gardens,150,Agg,Hard,3,Y,1*,Bullet,Dry Bones,A,4*,Bullet,Baby Luigi,M,7*,Mach,Yoshi,M,2*,Mach,Diddy Kong,A
76,N,0,1,D,DelfinoSquare,150,Agg,Hard,3,Y,4,Mach,Daisy,A,5,Bullet,Baby Luigi,M,1,Mach,Yoshi,M,9,Mach,Diddy Kong,A
76,Y,1,1,D,WariosGoldMine,150,Agg,Hard,3,Y,3,Mach,Daisy,A,2,Bullet,Baby Luigi,M,10,Mach,Yoshi,M,6,Mach,Diddy Kong,A
76,N,0,1,D,WaluigiStadium,150,Agg,Hard,3,Y,2,Mach,Daisy,A,5,Bullet,Baby Luigi,M,1,Mach,Yoshi,M,3,Mach,Diddy Kong,A
76F,1,1,1,D,DelfinoSquareWario's Gold MineWaluigi Stadium,150,Agg,Hard,3,Y,2*,Mach,Daisy,A,5*,Bullet,Baby Luigi,M,1*,Mach,Yoshi,M,7*,Mach,Diddy Kong,A
77,N,0,2,D,JungleParkway,150,Agg,Hard,3,Y,3,Mach,Daisy,A,1,Bullet,Baby Luigi,M,5,Flame,Wario,M,2,Mach,Peach,A
77,Y,1,2,D,MushroomGorge,150,Agg,Hard,3,Y,11,Mach,Daisy,A,6,Bullet,Baby Luigi,M,9,Flame,Wario,M,3,Mach,Peach,A
77,N,0,2,D,BowsersCastle,150,Agg,Hard,3,Y,2,Mach,Daisy,A,3,Bullet,Baby Luigi,M,6,Flame,Wario,M,1,Mach,Peach,A
77F,1,1,2,D,JungleParkwayMushroom GorgeBowser's Castle,150,Agg,Hard,3,Y,4*,Mach,Daisy,A,2*,Bullet,Baby Luigi,M,6*,Flame,Wario,M,1*,Mach,Peach,A
78,N,0,3,D,MooMooMeadows,150,Agg,Hard,3,Y,8,Mach,Daisy,A,2,Bullet,Baby Luigi,M,4,Flame,Wario,M,1,Mach,Diddy Kong,A
78,Y,1,3,D,DKMountain,150,Agg,Hard,3,Y,3,Mach,Daisy,A,2,Bullet,Baby Luigi,M,10,Flame,Wario,M,1,Mach,Diddy Kong,A
78,N,0,3,D,MushroomGorge,150,Agg,Hard,3,Y,2,Mach,Daisy,A,3,Bullet,Baby Luigi,M,1,Flame,Wario,M,12,Mach,Diddy Kong,A
78F,1,1,3,D,MooMooMeadowsDK MountainMushroom Gorge,150,Agg,Hard,3,Y,3*,Mach,Daisy,A,1*,Bullet,Baby Luigi,M,4*,Flame,Wario,M,2*,Mach,Diddy Kong,A
79,N,0,4,D,MooMooMeadows,150,Agg,Hard,3,Y,1,Mach,Daisy,A,4,Bullet,Toadette,M,3,Flame,Wario,M,12,Mach,Diddy Kong,A
79,Y,1,4,D,DesertHills,150,Agg,Hard,3,Y,2,Mach,Daisy,A,5,Bullet,Toadette,M,1,Flame,Wario,M,4,Mach,Diddy Kong,A
79,N,0,4,D,PeachBeach,150,Agg,Hard,3,Y,1,Mach,Daisy,A,2,Bullet,Toadette,M,5,Flame,Wario,M,12,Mach,Diddy Kong,A
79F,1,1,4,D,MooMooMeadowsDesert HillsPeach Beach,150,Agg,Hard,3,Y,1*,Mach,Daisy,A,4*,Bullet,Toadette,M,2*,Flame,Wario,M,10*,Mach,Diddy Kong,A
80,N,0,5,D,ToadsFactory,150,Agg,Hard,3,Y,1,Mach,Bowser Jr,A,3,Bullet,Toadette,M,2,Flame,Wario,M,4,Mach,Peach,A
80,N,0,5,D,MushroomGorge,150,Agg,Hard,3,Y,1,Mach,Bowser Jr,A,4,Bullet,Toadette,M,5,Flame,Wario,M,3,Mach,Peach,A
80,Y,1,5,D,GhostValley,150,Agg,Hard,3,Y,10,Mach,Bowser Jr,A,1,Bullet,Toadette,M,4,Flame,Wario,M,11,Mach,Peach,A
80F,1,1,5,D,ToadsFactoryMushroom GorgeGhost Valley,150,Agg,Hard,3,Y,2*,Mach,Bowser Jr,A,1*,Bullet,Toadette,M,3*,Flame,Wario,M,6*,Mach,Peach,A
81,N,0,6,D,MushroomGorge,150,Agg,Hard,3,Y,2,Mach,Bowser Jr,A,1,Luigi,Mach,M,4,Flame,Wario,M,6,Mach,Peach,A
81,N,0,6,D,DaisyCircuit,150,Agg,Hard,3,Y,4,Mach,Bowser Jr,A,1,Luigi,Mach,M,2,Flame,Wario,M,7,Mach,Peach,A
81,Y,1,6,D,BowsersCastle,150,Agg,Hard,3,Y,2,Mach,Bowser Jr,A,1,Luigi,Mach,M,10,Flame,Wario,M,5,Mach,Peach,A
81F,1,1,6,D,MushroomGorgeDaisy CircuitBowser's Castle,150,Agg,Hard,3,Y,2*,Mach,Bowser Jr,A,1*,Luigi,Mach,M,4*,Flame,Wario,M,6*,Mach,Peach,A
82,N,0,1,D,MarioCircuit3,150,Agg,Hard,3,Y,12,Mach,Bowser Jr,A,1,Birdo,Mach,M,9,Flame,Wario,M,2,Mach,Peach,A
82,N,0,1,D,MarioCircuit,150,Agg,Hard,3,Y,1,Mach,Bowser Jr,A,2,Birdo,Mach,M,5,Flame,Wario,M,3,Mach,Peach,A
82,Y,1,1,D,BowserCastle3,150,Agg,Hard,3,Y,2,Mach,Bowser Jr,A,8,Birdo,Mach,M,1,Flame,Wario,M,7,Mach,Peach,A
82F,1,1,1,D,Mario Circuit 3Mario CircuitBowser Castle 3,150,Agg,Hard,3,Y,3*,Mach,Bowser Jr,A,1*,Birdo,Mach,M,5*,Flame,Wario,M,4*,Mach,Peach,A
83,N,0,2,D,GCNMarioCircuit,150,Agg,Hard,3,Y,4,Mach,Bowser Jr,A,12,Waluigi,Flame,M,2,Flame,Wario,M,1,Mach,Peach,A
83,Y,1,2,D,DKSummit,150,Agg,Hard,3,Y,3,Mach,Bowser Jr,A,2,Waluigi,Flame,M,1,Flame,Wario,M,4,Mach,Peach,A
83,N,0,2,D,MooMooMeadows,150,Agg,Hard,3,Y,3,Mach,Bowser Jr,A,5,Waluigi,Flame,M,8,Flame,Wario,M,1,Mach,Peach,A
83F,1,1,2,D,GCNMarioCircuitDK SummitMoo Moo Meadows,150,Agg,Hard,3,Y,3*,Mach,Bowser Jr,A,6*,Waluigi,Flame,M,2*,Flame,Wario,M,1*,Mach,Peach,A
84,N,0,3,D,DesertHills,150,Agg,Hard,3,Y,1,Mach,Bowser Jr,A,5,Waluigi,Flame,M,2,Flame,Wario,M,3,Mach,Diddy Kong,A
84,Y,1,3,D,GhostValley,150,Agg,Hard,3,Y,10,Mach,Bowser Jr,A,1,Waluigi,Flame,M,3,Flame,Wario,M,2,Mach,Diddy Kong,A
84,N,0,3,D,ShyGuyBeach,150,Agg,Hard,3,Y,1,Mach,Bowser Jr,A,5,Waluigi,Flame,M,6,Flame,Wario,M,3,Mach,Diddy Kong,A
84F,1,1,3,D,DesertHillsGhost ValleyShy Guy Beach,150,Agg,Hard,3,Y,1*,Mach,Bowser Jr,A,2*,Waluigi,Flame,M,4*,Flame,Wario,M,5*,Mach,Diddy Kong,A
85,N,0,4,D,DryDryRuins,150,Agg,Hard,3,Y,6,Flame,Bowser  ,A,1,Waluigi,Flame,M,10,Flame,Wario,M,4,Mach,Diddy Kong,A
85,Y,1,4,D,KoopaCape,150,Agg,Hard,3,Y,5,Flame,Bowser,A,11,Waluigi,Flame,M,3,Flame,Wario,M,9,Mach,Diddy Kong,A
85,N,0,4,D,GrumbleVolcano,150,Agg,Hard,3,Y,1,Flame,Bowser,A,6,Waluigi,Flame,M,2,Flame,Wario,M,4,Mach,Diddy Kong,A
85F,1,1,4,D,DryDryRuinsKoopa CapeGrumble Volcano,150,Agg,Hard,3,Y,2*,Flame,Bowser,A,6*,Waluigi,Flame,M,4*,Flame,Wario,M,7*,Mach,Diddy Kong,A
86,Y,1,5,D,WariosGoldMine,150,Agg,Hard,3,Y,7,Flame,Bowser  ,A,4,Waluigi,Flame,M,5,Flame,Wario,M,2,Mach,Peach,A
86,N,0,5,D,CoconutMall,150,Agg,Hard,3,Y,2,Flame,Bowser,A,1,Waluigi,Flame,M,4,Flame,Wario,M,3,Mach,Peach,A
86,N,0,5,D,MarioRaceway,150,Agg,Hard,3,Y,1,Flame,Bowser,A,3,Waluigi,Flame,M,2,Flame,Wario,M,6,Mach,Peach,A
86F,1,1,5,D,WariosGoldMineCoconut MallMario Raceway,150,Agg,Hard,3,Y,2*,Flame,Bowser,A,1*,Waluigi,Flame,M,5*,Flame,Wario,M,3*,Mach,Peach,A
87,Y,1,1,D,DKMountain,150,Agg,Hard,3,Y,3,Flame,Bowser  ,A,1,Rosalina,Flame,M,2,Flame,Wario,M,12,Mach,Peach,A
87,N,0,1,D,PeachBeach,150,Agg,Hard,3,Y,3,Flame,Bowser,A,10,Rosalina,Flame,M,2,Flame,Wario,M,1,Mach,Peach,A
87,N,0,1,D,MooMooMeadows,150,Agg,Hard,3,Y,2,Flame,Bowser,A,5,Rosalina,Flame,M,3,Flame,Wario,M,10,Mach,Peach,A
87F,1,1,1,D,DKMountainPeach BeachMoo Moo Meadows,150,Agg,Hard,3,Y,2*,Flame,Bowser,A,4*,Rosalina,Flame,M,1*,Flame,Wario,M,6*,Mach,Peach,A
88,N,0,2,D,PeachGardens,150,Agg,Hard,3,Y,3,Flame,Bowser  ,A,12,Rosalina,Flame,M,1,Flame,King Boo,M,7,Mach,Peach,A
88,N,0,2,D,YoshiFalls,150,Agg,Hard,3,Y,1,Flame,Bowser,A,4,Rosalina,Flame,M,6,Flame,King Boo,M,2,Mach,Peach,A
88,Y,1,2,D,BowsersCastle,150,Agg,Hard,3,Y,2,Flame,Bowser,A,5,Rosalina,Flame,M,3,Flame,King Boo,M,1,Mach,Peach,A
88F,1,1,2,D,PeachGardensYoshi FallsBowser's Castle,150,Agg,Hard,3,Y,1*,Flame,Bowser,A,6*,Rosalina,Flame,M,3*,Flame,King Boo,M,2*,Mach,Peach,A
89,N,0,3,D,CoconutMall,150,Agg,Hard,3,Y,2,Flame,Dry Bowser,A,3,Waluigi,Flame,M,1,Flame,King Boo,M,4,Mach,Peach,A
89,Y,1,3,D,SherbetLand,150,Agg,Hard,3,Y,9,Flame,Dry Bowser,A,5,Waluigi,Flame,M,2,Flame,King Boo,M,1,Mach,Peach,A
89,N,0,3,D,DaisyCircuit,150,Agg,Hard,3,Y,8,Flame,Dry Bowser,A,1,Waluigi,Flame,M,2,Flame,King Boo,M,7,Mach,Peach,A
89F,1,1,3,D,CoconutMallSherbet LandDaisy Circuit,150,Agg,Hard,3,Y,5*,Flame,Dry Bowser,A,2*,Waluigi,Flame,M,1*,Flame,King Boo,M,3*,Mach,Peach,A
90,N,0,4,D,MapleTreeway,150,Agg,Hard,3,Y,1,Flame,Dry Bowser,A,2,Waluigi,Flame,M,3,Bullet,Baby Luigi,M,4,Mach,Peach,A
90,N,0,4,D,MarioCircuit3,150,Agg,Hard,3,Y,2,Flame,Dry Bowser,A,6,Waluigi,Flame,M,1,Bullet,Baby Luigi,M,10,Mach,Peach,A
90,Y,1,4,D,DKMountain,150,Agg,Hard,3,Y,3,Flame,Dry Bowser,A,4,Waluigi,Flame,M,1,Bullet,Baby Luigi,M,2,Mach,Peach,A
90F,1,1,4,D,MapleTreewayMario Circuit 3DK Mountain,150,Agg,Hard,3,Y,2*,Flame,Dry Bowser,A,3*,Waluigi,Flame,M,1*,Bullet,Baby Luigi,M,4*,Mach,Peach,A
91,N,0,5,D,DKMountain,150,Agg,Hard,3,Y,1,Flame,Dry Bowser,A,2,Waluigi,Flame,M,4,Bullet,Toadette,M,3,Mach,Peach,A
91,Y,1,5,D,BowserCastle3,150,Agg,Hard,3,Y,1,Flame,Dry Bowser,A,9,Waluigi,Flame,M,3,Bullet,Toadette,M,2,Mach,Peach,A
91,N,0,5,D,PeachBeach,150,Agg,Hard,3,Y,6,Flame,Dry Bowser,A,1,Waluigi,Flame,M,4,Bullet,Toadette,M,7,Mach,Peach,A
91F,1,1,5,D,DKMountainBowser Castle 3Peach Beach,150,Agg,Hard,3,Y,1*,Flame,Dry Bowser,A,2*,Waluigi,Flame,M,4*,Bullet,Toadette,M,3*,Mach,Peach,A
92,N,0,1,C,KoopaCape,150,Agg,Hard,3,Y,2,Flame,TransRob,A,4,Waluigi,Flame,M,1,Bullet,Toadette,M,3,Mach,Peach,A
92,Y,1,1,C,PeachGardens,150,Agg,Hard,3,Y,1,Flame,TransRob,A,4,Waluigi,Flame,M,3,Bullet,Toadette,M,2,Mach,Peach,A
92,N,0,1,C,MapleTreeway,150,Agg,Hard,3,Y,2,Flame,TransRob,A,4,Waluigi,Flame,M,5,Bullet,Toadette,M,1,Mach,Peach,A
92F,1,1,1,C,KoopaCapePeach GardensMaple Treeway,150,Agg,Hard,3,Y,1*,Flame,TransRob,A,4*,Waluigi,Flame,M,3*,Bullet,Toadette,M,2*,Mach,Peach,A
